Workbook

Sheet הוראות
A1: כלי ניטור – חוק הרווחים הכלואים (תיקון 277 לפקודה)
A3: מה הקובץ עושה
B4: מחשב לכל לקוח: (1) תוספת המס בשיעור 2% על רווחים עודפים לפי סעיפים 81א–81ו; (2) ייחוס הכנסה לבעל השליטה לפי סעיף 62א; (3) סימולטור המראה כמה דיבידנד צריך לחלק כדי להיפטר מתוספת המס, ומה עדיף כלכלית.
A6: מקרא צבעים
B7: תא צהוב עם טקסט כחול = תא קלט. רק בתאים אלה יש להזין נתונים.
B8: טקסט שחור = נוסחה מחושבת. אין לדרוס.
B9: טקסט ירוק = קישור מלשונית אחרת. אין לדרוס.
B10: רקע ירוק בהיר = תוצאה סופית / מדד מפתח.
A12: סדר עבודה מומלץ
B13: 1. לשונית «מבנה» – פרטי החברה ומבנה הבעלות (חד-פעמי, עדכון שנתי).
B14: 2. לשונית «רווחים_נצברים» – נתוני מס מצטברים לתום שנת המס הקודמת.
B15: 3. לשונית «מגנים» – הוצאות ונכסים לתום שנת המס הנבדקת.
B16: 4. לשונית «חלוקות» – דיבידנדים, הפסדים והוראות המעבר.
B17: 5. לשונית «סעיף_62א» – פילוח הכנסות ושיעור רווחיות.
B18: 6. הצפייה בתוצאות: «חישוב_81», «סימולטור» ו«דאשבורד».
A20: שימו לב – עיתוי הנתונים (טעות נפוצה)
B21: הרווחים הנצברים החייבים נמדדים לתום שנת המס הקודמת (סעיף 81ג(א)), בעוד שמגן ההוצאות ומגן הנכסים נמדדים לתום שנת המס הנבדקת. אלה שני מועדים שונים.
A23: הנחות ופישוטים במודל זה (MVP)
B24: • הרווחים הנצברים הפטורים מחושבים לפי החלופה המיטיבה מבין שתיים (הגבוהה), בהתאם לזכות הבחירה בסעיף 81א.
B25: • לפי סעיף 81ג(ג): חברה שבחרה בחלופה (1) לחישוב הרווחים הפטורים אינה זכאית למגן הנכסים. המודל מיישם זאת אוטומטית.
B26: • סכום ההגנה של 750 אלף ש"ח מחולק במספר חברות המעטים שבשליטת בעל השליטה (סעיף 81ג(א)(1)).
B27: • המודל אינו מחשב את מנגנון "הדיבידנד הרעיוני" לפי תקנות מס הכנסה (דיבידנדים ששולם מס בשל חלוקתם), התשפ"ה-2025, החל כאשר בעלי המניות הם חברות שחל עליהן סעיף 126(ב). במקרים אלה יש לבצע חישוב שרשרת ידני.
B28: • שיעור מס הדיבידנד בסימולטור הוא פרמטר קלט (ברירת מחדל 33% – 30% + 3% מס יסף).
A30: מועדים מרכזיים
B31: מועד הדיווח על הבחירה בחלופת החלוקה (6% / 50%): המוקדם מבין מועד הגשת הדוח השנתי לשנה הנבדקת לבין תום שנת המס העוקבת. המס על הדיבידנד – עד ה-16 בחודש שלאחר החלוקה (עדכון מס' 1 לחוזר 7/2025, 8.2.2026, ס"ק 5.4–5.5).
B32: הדיווח על תוספת המס נעשה במסגרת הדוח השנתי לפי סעיף 131 (סעיף 81ה). גם חברה הסבורה שאינה חייבת – נדרשת לחשב ולדווח.
A34: מקורות
B35: חוק ההתייעלות הכלכלית (תיקוני חקיקה להשגת יעדי התקציב לשנת 2025) (מיסוי רווחים לא מחולקים), התשפ"ה-2024 – ס"ח 3343, 31.12.2024 (תיקון 277).
B36: חוזר מס הכנסה 7/2025 (19.10.2025) ועדכון מס' 1 לחוזר (8.2.2026); חוזר 01/2026 – הגדרת חברת מעטים; חוזר 02/2026 – תקנות דיבידנדים ששולם מס בשל חלוקתם; הוראת ביצוע 9/2026 – דיווח על רווחים לא מחולקים.
B38: אזהרה: הקובץ הוא כלי ניטור וסינון ראשוני בלבד ואינו תחליף לחישוב שומתי מלא. הנתונים המצויים בו כעת הם נתוני דוגמה בלבד – יש להחליפם בנתוני הלקוח.
A40: עדכון 28.9.2026 – החלטות מאימות הלוגיקה מול אברהם
B41: • רווחים נצברים: בפיילוט לפי יתרת העודפים במאזן; נוסחת המס אופציונלית (לשונית «רווחים_נצברים», שורה 5).
B42: • רווחים ממקור פטור (שתי החלופות ו-81ג(ג)): רלוונטי רק לחברות עם רווחים מארבעת המקורות. לכל השאר – 0.
B43: • מגן הוצאות: כולל את השכר לתיקון 62א אם ישולם עד 31.12 (לשונית «מגנים», שורה 15).
B44: • הוראות מעבר: מדרגות סעיף 5(ב) לפי שיעור החלוקה בתקופה הקובעת (לשונית «חלוקות», חלק ד). הדאשבורד מציג "מוגן עד שנת".
B45: • דיבידנד מינימלי: הנמוך מבין חלופת 6% מהרווחים הנצברים לחלופת 50% מהרווחים העודפים.
B46: • 62א: להוציא מהמונה גם הוצאות שקשורות ל"הכנסה אחרת". מבחן ריכוזיות מתקיים – ייחוס מלא (חסם עליון).
B47: • הערכה שנתית להכנסות 2026 – לפי עונתיות 2025. התאמות סגירה – מטופס הפחת בדוח המבוקר האחרון, עם עדכון ידני של רו"ח המטפל.
B48: • לבדיקה ידנית: חברות עם ני"ע או החזקות, חברות עם הכנסות מריבית או שכירות, וחברות עם רווחיות קרובה ל-25%.

Sheet מבנה
A1: 1. פרטי החברה ומבנה הבעלות
A2: נאסף פעם אחת מהרו"ח המטפל; מתעדכן אחת לשנה. זהו המידע שאינו קיים בשום מערכת הנהלת חשבונות.
A4: זיהוי
A5: שם החברה | B5: חברת דוגמה בע"מ
A6: מספר ח.פ. | B6: 515000000
A7: שנת המס הנבדקת | B7: 2026
A8: שנת המס הקודמת | B8: =B7-1 | C8: בסיס מדידת הרווחים הנצברים
A10: תחולת החוק
A11: חברת מעטים כהגדרתה בסעיף 76? (כן/לא) | B11: כן | C11: ראו חוזר מ"ה 01/2026 שהרחיב את ההגדרה
A12: חמי"ז / חנ"ז / מועדפת / מוטבת / מפעל מאושר? (כן/לא) | B12: לא | C12: "כן" שולל את תחולת סעיף 62א
A13: חלה מערכת סעיפים 81א–81ו? | B13: =IF(B11="כן","כן","לא")
A14: חל סעיף 62א? | B14: =IF(AND(B11="כן",B12="לא"),"כן","לא")
A16: בעלות ושליטה
A17: מספר בעלי השליטה (בעל שליטה וקרובו נמנים כאחד) | B17: 2 | C17: לסף 30 מש"ח בסעיף 62א(א1)(2)(א)
A18: מספר חברות המעטים בשליטת בעל השליטה (כולל חברה זו) | B18: 2
A19: מתוכן: מספר חברות שהודיעו לפקיד השומה על ויתור על חלקן | B19: 0
A20: מספר החברות לחלוקת סכום ה-750 אלף ₪ | B20: =IF(B19>0,MAX(1,B18-B19),MAX(1,B18)) | C20: סעיף 81ג(א)(1)
A22: קיים מחזיק מהותי (30%+)? (כן/לא) | B22: כן
A23: סה"כ רווחים נצברים בכל חברות המחזיק המהותי (₪) | B23: 4200000 | C23: מתחת ל-750 אלף ₪ = "מחזיק בעל רווחים" שלילי
A24: יש בין בעלי השליטה יחיד שהוא בעל שליטה בחברה אחרת? (כן/לא) | B24: כן
A26: החזקות
A27: שיעור חלק החברה בהכנסות שותפות (%) | B27: 0.05 | C27: 10% ומעלה → 62א(א1); מתחת → 62א(א2)
A28: סטטוס לפי חוק עידוד השקעות הון / מפעל תעשייתי | B28: אין

Sheet רווחים_נצברים
A1: 2. חישוב הרווחים הנצברים והרווחים הנצברים החייבים
A2: כל הנתונים בלשונית זו – לתום שנת המס הקודמת (=מבנה!B8)
A4: א. הנוסחה המיסויית (הגדרת "רווחים נצברים", סעיף 77(א))
A5: הכנסה חייבת מצטברת מיום ההתאגדות | B5: 14500000 | C5: אופציונלי. בפיילוט: אם אין נתוני מס מצטברים – להשאיר ריק, והמודל ייקח את יתרת העודפים במאזן (שורה 14)
A6: בתוספת: הכנסות פטורות ממס מצטברות | B6: 0
A7: בתוספת: שבח (סעיף 6 לחוק מיסוי מקרקעין) | B7: 0
A8: בניכוי: המס החל על ההכנסה (מצטבר) | B8: 3335000
A9: בניכוי: דיבידנדים שחולקו (מצטבר) | B9: 4000000
A10: בניכוי: הפסד שנוצר בחברה ולא קוזז | B10: 0
A11: רווחים נצברים לפי הנוסחה | B11: =B5+B6+B7-B8-B9-B10
A13: ב. התקרה החשבונאית
A14: סכום הרווחים לפי סעיף 302(ב) לחוק החברות (יתרת העודפים במאזן) | B14: 7800000
A15: בתוספת: רווחים שהוונו | B15: 0
A16: בתוספת: רווחי תאגיד שקוף (בניכוי המס עליהם) | B16: 0
A17: תקרה חשבונאית | B17: =SUM(B14:B16)
A19: רווחים נצברים (הנמוך מבין הנוסחה לתקרה) | B19: =IF(OR(B5="",B5=0),B17,MIN(B11,B17)) | C19: ללא נתוני מס (שורה 5 ריקה) – יתרת העודפים במאזן. לסמן לבדיקה ידנית חברות עם ני"ע או החזקות
A20: בניכוי: רווחים שיוחסו לבעל מניות (3(ט1), 62א, 64, 64א) | B20: 0
A21: רווחים נצברים לעניין סעיף 81א | B21: =MAX(0,B19-B20) | C21: בסיס מבחן 6% ומבחן ההפסדים
A23: ג. רווחים נצברים פטורים – חלופה (1): לפי מקור ההכנסה
A24: הכנסה מוטבת / מפעל מועדף / טכנולוגית / מפעל מאושר | B24: 0 | C24: רלוונטי רק לחברות עם רווחים מאחד מארבעת המקורות. לכל השאר – להשאיר 0
A25: מפעל תעשייתי – הכנסה ממכירות המפעל | B25: 0
A26: הכנסות מבניין שסעיף 8א(ג) חל בחישובן | B26: 0
A27: מוסד כספי – הכנסה מפעילותו | B27: 0
A28: סה"כ מקורות פטורים | B28: =SUM(B24:B27)
A29: בניכוי: עלות נכסים מיוחדים | B29: =מגנים!B31
A30: חלופה (1) | B30: =MAX(0,B28-B29)
A32: ד. רווחים נצברים פטורים – חלופה (2): 7 שנות המס האחרונות
A33: רווחים נצברים פטורים שהופקו ב-7 שנות המס שקדמו | B33: 0
A35: ה. רווחים נצברים חייבים – שני התרחישים
A36: הבחירה בין החלופות אינה "הגבוה מביניהן": בחירה בחלופה (1) שוללת את מגן הנכסים לפי סעיף 81ג(ג). לכן ההשוואה נעשית בלשונית «חישוב_81» ברמת הרווחים העודפים הסופיים.
A37: רווחים נצברים חייבים – לפי חלופה (1) | B37: =MAX(0,B21-B30)
A38: רווחים נצברים חייבים – לפי חלופה (2) | B38: =MAX(0,B21-B33)

Sheet מגנים
A1: 3. שלושת המגנים (סעיף 81ג(א))
A2: נתוני הוצאות ונכסים – לתום שנת המס הנבדקת (=מבנה!B7)
A4: מגן א' – סכום קבוע
A5: סכום בסיס לפי החוק (₪) | B5: 750000
A6: מספר חברות לחלוקה | B6: =מבנה!B20
A7: מגן א' | B7: =B5/B6
A9: מגן ב' – הוצאות (סעיף 81ג(א)(2))
A10: הוצאות מותרות בניכוי – שנת המס הנבדקת | B10: 3100000
A11: הוצאות מותרות בניכוי – שנה קודמת | B11: 2900000
A12: הוצאות מותרות בניכוי – שנתיים קודם | B12: 2600000 | C12: בכל השורות: ללא הוצאות לרכישת נכסים מיוחדים, וללא פחת והוצאות מימון בגין נכסים מיוחדים (עדכון מס' 1 לחוזר 7/2025, ס"ק 4.3)
A13: ממוצע תלת-שנתי | B13: =AVERAGE(B10+IF(B15="כן",סעיף_62א!B31,0),B11,B12)
A14: מגן ב' | B14: =MAX(B10+IF(B15="כן",סעיף_62א!B31,0),B13) | C14: כולל שכר תיקון 62א אם סומן "כן" בשורה 15
A15: שכר לתיקון 62א ישולם עד 31.12? (כן/לא) | B15: לא | C15: "כן" = השכר המומלץ בלשונית 62א (שורה 31) מתווסף להוצאות 2026. אחרי התיקון, בחברה שהייתה מעל 25% ההוצאות הן 75% מהמחזור
A16: מגן ג' – נכסים (סעיף 81ג(א)(3))
A17: עלות כלל נכסי החברה | B17: 9400000 | C17: לפי עלות: יתרת מחיר מקורי / עלות מלאי / יתרת שווי רכישה + פחת
A19: נכסים מיוחדים – ברוטו:
A20: ניירות ערך (לרבות מלאי עסקי) | B20: 2200000
A21: נכס פיננסי (חוק הפיקוח על שירותים פיננסיים) | B21: 0
A22: נכס בלתי מוחשי שעיקר הכנסתו תמלוגים | B22: 0
A23: זכות במקרקעין | B23: 1500000 | C23: מלאי מקרקעין של חברה שיש לה הכנסה מבניין (סעיף 8א(ג)) – אינו נכס מיוחד לפי עדכון מס' 1 (לאמת מול דוגמה 4 בחוזר)
A24: מילווה / הלוואה / פיקדון / מזומן ושווי מזומן | B24: 2800000
A25: סה"כ ברוטו | B25: =SUM(B20:B24)
A26: בניכוי חריגים שאינם נכסים מיוחדים:
A27: מקרקעין לשימוש עצמי (כללי חשבונאות מקובלים) | B27: 1500000
A28: בניין להשכרה / לשכירות מוסדית | B28: 0
A29: מזומן משועבד/מופקד בליווי פיננסי (אישור רו"ח) | B29: 0
A30: מזומן לעמידה בדרישות הון עצמי לפי דין | B30: 0
A31: עלות נכסים מיוחדים – נטו | B31: =MAX(0,B25-SUM(B27:B30))
A33: בניכוי: הון עצמי (הון מניות + פרמיה) | B33: 100000
A34: בניכוי: יתרת הלוואה מצד קשור (ס' 103) | B34: 0
A35: בתוספת: עלות חבר בני אדם מוחזק (10%+) | B35: 0
A36: מגן ג' | B36: =MAX(0,B17-B31-B33-B34+B35)
A38: המגן הקובע – לפי תרחיש
A39: מגן קובע אם נבחרה חלופה (1) – ללא מגן נכסים | B39: =MAX(B7,B14) | C39: סעיף 81ג(ג) שולל את מגן הנכסים מחברה שבחרה בחלופה (1)
A40: מגן קובע אם נבחרה חלופה (2) – כולל מגן נכסים | B40: =MAX(B7,B14,B36)

Sheet חלוקות
A1: 4. חלוקות, הפסדים והוראות מעבר
A3: א. נתוני השנה הנבדקת
A4: דיבידנדים ששולם מס בשל חלוקתם – בשנת המס הנבדקת | B4: 0 | C4: הגדרה: סעיף 81ב(ב)(3)
A5: הפסדי החברה בשנת המס לפי סעיפים 28 / 29 / 92 | B5: 0
A7: ב. נתוני בסיס לתום שנת המס הקודמת
A8: רווחים נצברים | B8: =רווחים_נצברים!B21
A9: רווחים עודפים (מהחישוב של השנה שעברה) | B9: 3900000 | C9: בשנה הראשונה – יש לחשב ידנית; לאחר מכן נלקח מהקובץ של השנה הקודמת
A11: ג. הוראות מעבר – רווחי יום התחילה (סעיף 5 לחוק)
A12: רווחים עודפים בתום שנת 2025 | B12: 4100000 | C12: לבירור: נוסח סעיף 5(א)(2) שהתקבל מאברהם מתייחס לרווחים העודפים בתום 2024
A13: בניכוי: דיבידנדים ששולם מס בשל חלוקתם מרווחים אלה | B13: 900000
A14: רווחים שנותרו מרווחי יום התחילה | B14: =MAX(0,B12-B13)
A15: האם חולקו בשנת המס 20% ומעלה מהרווחים שנותרו? (כן/לא) | B15: =IF(AND(B14>0,B4>=0.2*B14),"כן","לא") | C15: סעיף 5(א) – מזכה בהפחתת הרווחים שנותרו מהרווחים העודפים
A17: ד. התקופה הקובעת (1.1.2025–30.11.2025)
A18: רווחים נצברים ליום התחילה (1.1.2025) | B18: 7200000
A19: דיבידנד שחולק בתקופה הקובעת | B19: 900000
A20: הדיבידנד שולם בתקופה הקובעת והמס עליו שולם עד 31.12.2025? (כן/לא) | B20: כן
A21: שיעור החלוקה בתקופה הקובעת | B21: =IFERROR(B19/B18,0)
A22: שנות המס האחרונות שבהן חלה ההגנה | B22: =IF(B20<>"כן",0,IF(B21>=0.9,2029,IF(B21>=0.75,2028,IF(B21>=0.6,2027,IF(B21>=0.35,2026,0))))) | C22: סעיף 5(ב): 35%–60% → 2026; 60%–75% → 2026–2027; 75%–90% → 2026–2028; 90% ומעלה → 2026–2029
A23: ההגנה חלה בשנת המס הנבדקת? | B23: =IF(AND(B22>0,מבנה!B7>=2026,מבנה!B7<=B22),"כן","לא")

Sheet סעיף_62א
A1: 5. סעיף 62א – רווחיות עודפת וייחוס הכנסה
A3: א. פילוח ההכנסות
A4: סה"כ הכנסות החברה | B4: 8500000
A5: מתוכן "הכנסה אחרת" (סעיף 62א(ד)):
A6: ריבית / הפרשי הצמדה / דמי ניכיון | B6: 120000
A7: דיבידנד | B7: 0
A8: דמי שכירות | B8: 180000
A9: תמורה ממכירת נכס (ס' 88) | B9: 0
A10: מכירת נייר ערך שהוא מלאי עסקי | B10: 0
A11: תמורה ממכירת זכות במקרקעין / איגוד | B11: 0
A12: סה"כ הכנסה אחרת | B12: =SUM(B6:B11)
A13: הכנסה מפעילות עתירת יגיעה אישית | B13: =MAX(0,B4-B12)
A15: ב. שיעור הרווחיות
A16: הכנסה חייבת מפעילות עתירת יגיעה אישית | B16: 2900000 | C16: לאחר ייחוס הוצאות לפי 62א(ג1): לנכות גם הוצאות שקשורות ל"הכנסה אחרת" (הערת אברהם)
A17: תשלומים לחברה קשורה | B17: 0
A18: שיעור רווחיות | B18: =IFERROR((B16+B17)/B13,0)
A19: שיעור רווחיות ממוצע 2023–2025 (לשימוש בשנת 2025 בלבד) | B19: 0
A20: השיעור הקובע | B20: =IF(AND(מבנה!B7=2025,B19>0),MIN(B18,B19),B18)
A21: חצה את סף 25%? | B21: =IF(B20>0.25,"כן","לא")
A23: ג. מבחני החרגה
A24: סף המחזור: 30 מש"ח × מספר בעלי השליטה | B24: =30000000*מבנה!B17
A25: ההכנסה מפעילות עתירת יגיעה אישית מתחת לסף? | B25: =IF(B13<B24,"כן – הסעיף עשוי לחול","לא – הסעיף אינו חל")
A26: פטור לפי 62א(א1)(2)(ג): אין בעל שליטה בחברה אחרת ורווחים ≤ 750 אלף | B26: =IF(AND(מבנה!B24="לא",רווחים_נצברים!B21<=750000),"חל פטור","לא חל")
A27: הוראות 62א(א1) חלות? | B27: =IF(AND(מבנה!B14="כן",B21="כן",B13<B24,B26="לא חל"),"כן","לא")
A29: ד. ההכנסה המיוחסת לבעל המניות הפעיל
A30: ניכוי בגין רווחיות של 25% | B30: =0.25*MAX(0,B13-B17)
A31: סכום ההכנסה המיוחסת (כלל בעלי המניות) | B31: =IF(מבנה!B14="לא",0,IF(B37="כן",B16,IF(B27="כן",MAX(0,B16-B30),0))) | C31: שווה לשכר לתיקון עד 31.12. אם מבחן הריכוזיות (שורה 37) מתקיים – כל ההכנסה החייבת מעתירת יגיעה אישית (חסם עליון)
A32: שיעור מס שולי משוקלל | B32: 0.5
A33: מס חברות | B33: 0.23
A34: עלות מס נוספת עקב הייחוס (הערכה) | B34: =B31*(B32-B33) | C34: הערכה בלבד – בפועל יש לקזז מס חברות ששולם לפי 62א(ג2)(5). מומלץ לאמת מול הסימולטור של רשות המסים לסעיפים 62א(א1),(א2),(א3)
A36: ה. מבחנים משלימים (סימון ידני)
A37: 70% מהמחזור מגורם אחד במשך 22 חודשים מתוך 36? (כן/לא) | B37: לא
A38: נושא משרה המחזיק פחות מ-25% בחברה מקבלת השירותים? (כן/לא) | B38: לא
A39: חלק החברה בשותפות מתחת ל-10% (62א(א2))? | B39: =IF(AND(מבנה!B27>0,מבנה!B27<0.1),"כן – 55% ייוחסו","לא")
A40: דיבידנד בין-חברתי שהתקבל (62א(א3)) | B40: 0
A41: שיעור ההחזקה בחברה המחלקת | B41: 0
A42: מזה ייחשב כהכנסת דיבידנד של בעל השליטה | B42: =IF(B41<0.1,0.55*B40,0)

Sheet חישוב_81
A1: 6. חישוב הרווחים העודפים ותוספת המס (81ב–81ג)
A3: א. בחירת החלופה והרווחים העודפים
A4: בניכוי: הפחתה לפי הוראות המעבר (סעיף 5) | B4: =IF(OR(חלוקות!B15="כן",חלוקות!B23="כן"),חלוקות!B14,0) | C4: רווחים שנותרו מרווחי יום התחילה
A5: תרחיש חלופה (1): רווחים עודפים | B5: =MAX(0,רווחים_נצברים!B37-מגנים!B39-B4)
A6: תרחיש חלופה (2): רווחים עודפים | B6: =MAX(0,רווחים_נצברים!B38-מגנים!B40-B4)
A7: החלופה המיטיבה | B7: =IF(B5<=B6,"חלופה 1","חלופה 2")
A8: רווחים נצברים חייבים (תום שנה קודמת) | B8: =IF(B7="חלופה 1",רווחים_נצברים!B37,רווחים_נצברים!B38)
A9: המגן הקובע | B9: =IF(B7="חלופה 1",מגנים!B39,מגנים!B40)
A10: רווחים עודפים | B10: =MIN(B5,B6)
A12: ב. בסיס תוספת המס
A13: בניכוי: דיבידנד שחולק בשנת המס | B13: =חלוקות!B4
A14: בסיס תוספת המס | B14: =MAX(0,B10-B13)
A16: ג. מבחני הפטור (סעיף 81ב(ב))
A17: שיעור החלוקה הנדרש בשנה הנבדקת | B17: =IF(מבנה!B7<=2025,0.05,0.06)
A18: 1. הפסדי השנה > 10% מהרווחים הנצברים | B18: =IF(AND(חלוקות!B8>0,חלוקות!B5>0.1*חלוקות!B8),"פטור","לא")
A19: 2. דיבידנד ≥ 50% מהרווחים העודפים בתום שנה קודמת | B19: =IF(AND(חלוקות!B9>0,חלוקות!B4>=0.5*MAX(0,חלוקות!B9-B4)),"פטור","לא") | C19: בהפחתת הרווחים שנותרו מרווחי יום התחילה – סעיף 5(א)(2)
A20: 3. דיבידנד ≥ 6% מהרווחים הנצברים בתום שנה קודמת | B20: =IF(AND(חלוקות!B8>0,חלוקות!B4>=B17*חלוקות!B8),"פטור","לא")
A21: 4. הוראת מעבר 2025 – חלוקה של 5% בתקופה הקובעת | B21: =IF(AND(מבנה!B7=2025,חלוקות!B20="כן",חלוקות!B21>=0.05),"פטור","לא")
A23: האם קיים פטור מתוספת המס? | B23: =IF(OR(B18="פטור",B19="פטור",B20="פטור",B21="פטור"),"כן","לא")
A25: ד. תוספת המס
A26: שיעור תוספת המס | B26: 0.02
A27: תוספת המס לתשלום (₪) | B27: =IF(OR(מבנה!B13="לא",B23="כן"),0,B26*B14) | C27: אינה מותרת בניכוי (סעיף 81ד). דינה כמס חברות, ללא מקדמות (81ו).

Sheet סימולטור
A1: 7. סימולטור החלטה – לחלק דיבידנד או לשלם 2%?
A2: הדיבידנד חייב להיות מחולק עד 31.12 של שנת המס. מועד הדיווח על הבחירה בחלופת החלוקה (6% / 50%): המוקדם מבין מועד הגשת הדוח השנתי לשנה הנבדקת לבין תום שנת המס העוקבת. המס על הדיבידנד – עד ה-16 בחודש שלאחר החלוקה (עדכון מס' 1 לחוזר 7/2025, 8.2.2026, ס"ק 5.4–5.5).
A4: א. סכומי החלוקה הנדרשים
A5: חלופת 6% – מהרווחים הנצברים | B5: =חישוב_81!B17*חלוקות!B8
A6: חלופת 50% – מהרווחים העודפים | B6: =0.5*MAX(0,חלוקות!B9-חישוב_81!B4)
A7: החלופה הזולה | B7: =IF(B5<=B6,"חלופת 6%","חלופת 50%")
A8: דיבידנד מינימלי נדרש | B8: =MIN(B5,B6)
A9: בניכוי: דיבידנד שכבר חולק | B9: =חלוקות!B4
A10: פער לסגירה עד 31.12 | B10: =MAX(0,B8-B9)
A12: ב. השוואה כלכלית
A13: שיעור מס דיבידנד (כולל מס יסף) | B13: 0.33
A14: עלות מס מיידית בחלוקה | B14: =B10*B13
A15: עלות תוספת המס אם לא מחלקים | B15: =חישוב_81!B27
A16: הפרש (חלוקה פחות אי-חלוקה) | B16: =B14-B15
A17: מספר שנים לאיזון | B17: =IFERROR(IF(B15<=0,0,B14/B15),0) | C17: בכמה שנים תצטבר תוספת ה-2% לכדי עלות המס בחלוקה
A19: ג. מסקנה
A20: המלצה תפעולית | B20: =IF(מבנה!B9="לא","החוק אינו חל – אין פעולה נדרשת",IF(חישוב_81!B19="כן","עומדת בפטור – אין פעולה נדרשת",IF(B6<=0,"אין רווחים עודפים חייבים – אין פעולה נדרשת",IF(B10<B11,"מומלץ לשקול חלוקה – זולה מתוספת המס באותה שנה","תוספת המס זולה יותר השנה – יש לבחון את ההשפעה הרב-שנתית"))))

Sheet דאשבורד
A1: 8. דאשבורד – סיכום מצב הלקוח
A3: שם החברה | B3: =מבנה!B5
A4: שנת המס הנבדקת | B4: =מבנה!B7
A6: מסלול 81 – תוספת מס 2%
A7: רווחים נצברים | B7: =רווחים_נצברים!B21
A8: החלופה המיטיבה | B8: =חישוב_81!B7
A9: רווחים נצברים חייבים | B9: =חישוב_81!B8
A10: המגן הקובע | B10: =חישוב_81!B9
A11: רווחים עודפים | B11: =חישוב_81!B10
A12: קיים פטור? | B12: =חישוב_81!B23
A13: תוספת מס לתשלום (₪) | B13: =חישוב_81!B27
A14: דיבידנד מינימלי לפטור (₪) | B14: =סימולטור!B8
A15: פער לסגירה עד 31.12 (₪) | B15: =סימולטור!B10
A16: הגנת הוראת מעבר עד שנת | B16: =IF(חלוקות!B23="כן",חלוקות!B22,"אין")
A17: מסלול 62א – רווחיות עודפת
A18: שיעור רווחיות | B18: =סעיף_62א!B20
A19: חצה סף 25%? | B19: =סעיף_62א!B21
A20: הסעיף חל? | B20: =סעיף_62א!B27
A21: הכנסה מיוחסת = שכר לתיקון עד 31.12 (₪) | B21: =סעיף_62א!B31
A22: עלות מס נוספת מוערכת (₪) | B22: =סעיף_62א!B34
A24: רמזור
A25: סטטוס מסלול 81 | B25: =IF(חלוקות!B23="כן",IF(חישוב_81!B27>0,"אדום – חשוף לתוספת מס","ירוק – מוגן לפי הוראת מעבר עד "&חלוקות!B22),IF(מבנה!B13="לא","ירוק – החוק אינו חל",IF(חישוב_81!B27>0,"אדום – חשוף לתוספת מס",IF(AND(חישוב_81!B10>0,סימולטור!B10>0),"צהוב – נדרשת חלוקה לשמירת הפטור","ירוק – מוגן"))))
A26: סטטוס מסלול 62א | B26: =IF(מבנה!B14="לא","ירוק – הסעיף אינו חל",IF(סעיף_62א!B37="כן","אדום – מבחן ריכוזיות: ייחוס מלא",IF(סעיף_62א!B27="כן","אדום – ייחוס הכנסה לבעל המניות",IF(סעיף_62א!B20>0.2,"צהוב – רווחיות מתקרבת לסף 25%","ירוק – מתחת לסף"))))
A27: סטטוס כולל | B27: =IF(OR(LEFT(B25,4)="אדום",LEFT(B26,4)="אדום"),"אדום – טיפול נדרש",IF(OR(LEFT(B25,4)="צהוב",LEFT(B26,4)="צהוב"),"צהוב – מעקב","ירוק"))
A29: פעולות פתוחות
A30: • לוודא שנתוני הרווחים הנצברים נלקחו מדוחות המס ולא מהמאזן החשבונאי.
A31: • לבדוק אם בעלי המניות כוללים חברות שחל עליהן סעיף 126(ב) – אז נדרש חישוב לפי תקנות הדיבידנדים.
A32: • לאמת את תוצאת סעיף 62א מול הסימולטור של רשות המסים.
A33: • מועד אחרון לדיווח על חלופת החלוקה: המוקדם מבין הגשת הדוח השנתי לתום השנה העוקבת (עדכון מס' 1 לחוזר 7/2025).
